<?xml version="1.0" encoding="UTF-8"?>
<metadata modelVersion="1.1.0">
  <groupId>cn.itcast</groupId>
  <artifactId>travel</artifactId>
  <version>1.0-SNAPSHOT</version>
  <versioning>
    <snapshot>
      <localCopy>true</localCopy>
    </snapshot>
    <lastUpdated>20190120111912</lastUpdated>
    <snapshotVersions>
      <snapshotVersion>
        <extension>war</extension>
        <value>1.0-SNAPSHOT</value>
        <updated>20190120111912</updated>
      </snapshotVersion>
      <snapshotVersion>
        <extension>pom</extension>
        <value>1.0-SNAPSHOT</value>
        <updated>20190120111912</updated>
      </snapshotVersion>
    </snapshotVersions>
  </versioning>
</metadata>
