﻿<?xml version="1.0" encoding="UTF-8"?>
<beans xmlns="http://www.springframework.org/schema/beans"
	xmlns:xsi="http://www.w3.org/2001/XMLSchema-instance" xmlns:context="http://www.springframework.org/schema/context"
	xmlns:aop="http://www.springframework.org/schema/aop" xmlns:tx="http://www.springframework.org/schema/tx"
	xsi:schemaLocation="
		http://www.springframework.org/schema/beans 
		http://www.springframework.org/schema/beans/spring-beans.xsd
		http://www.springframework.org/schema/context 
		http://www.springframework.org/schema/context/spring-context.xsd
		http://www.springframework.org/schema/tx 
		http://www.springframework.org/schema/tx/spring-tx.xsd
		http://www.springframework.org/schema/aop 
		http://www.springframework.org/schema/aop/spring-aop.xsd
		">  
	
	
	<bean id="transactionManager" class="org.springframework.orm.hibernate5.HibernateTransactionManager">
		<property name="sessionFactory" ref="sessionFactory"/>
	</bean>
	
	
	<tx:advice id="advice" transaction-manager="transactionManager">
	    <tx:attributes>	     
	      <tx:method name="do*" propagation="REQUIRED"/>
	      <tx:method name="add*" propagation="REQUIRED"/>
	      <tx:method name="update*" propagation="REQUIRED"/>
	      <tx:method name="save*" propagation="REQUIRED"/>
	      <tx:method name="delete*" propagation="REQUIRED"/>
	      <tx:method name="*" read-only="true"/>
	    </tx:attributes>
	</tx:advice>
	
	<aop:config>
		<aop:pointcut id="serviceMethod" expression="execution(* cn.itcast.mavenweb.service.impl.*.*(..))"/>
		<aop:advisor pointcut-ref="serviceMethod" advice-ref="advice" />
	</aop:config>
	
	
	<bean id="dataSource" class="org.springframework.jdbc.datasource.DriverManagerDataSource">
		<property name="driverClassName" value="com.mysql.jdbc.Driver"/>
		<property name="url" value="jdbc:mysql://127.0.0.1:3306/erpdb?useUnicode=true&amp;characterEncoding=UTF8"/>
		<property name="username" value="root"/>
		<property name="password" value="123456"/>
	</bean>
	
	
	<bean id="sessionFactory" class="org.springframework.orm.hibernate5.LocalSessionFactoryBean">
		<property name="dataSource" ref="dataSource"/>
		<property name="hibernateProperties">
			<props>
				<prop key="hibernate.dialect">org.hibernate.dialect.MySQLInnoDBDialect</prop>
				<prop key="hibernate.show_sql">true</prop>
				<prop key="hibernate.format_sql">false</prop>
			</props>
		</property>
		<property name="mappingLocations">
			<value>classpath:cn/itcast/mavenweb/domain/*.hbm.xml</value>
		</property>
	</bean>
	
	<bean id="depDao" class="cn.itcast.mavenweb.dao.impl.DepDaoImpl">
		<property name="sessionFactory" ref="sessionFactory"></property>
	</bean>
	
	<bean id="depService"  class="cn.itcast.mavenweb.service.impl.DepServiceImpl">
		<property name="depDao" ref="depDao"></property>
	</bean>
	
	<bean id="depAction" class="cn.itcast.mavenweb.web.action.DepAction">
		<property name="depService" ref="depService"></property>
	</bean>
	
</beans>
	
